a.j. bouye,,0,0.0
a.j. cann,,0,0.0
a.j. derby,,0,0.0
a.j. francis,,0,0.0
a.j. green,,0,0.0
a.j. hendy,,0,0.0
a.j. jefferson,,0,0.0
a.j. klein,,0,0.0
a.q. shipley,,0,0.0
aarion penton,,0,0.0
aaron bailey,,0,0.0
aaron brewer,,0,0.0
aaron burbridge,,0,0.0
aaron colvin,,0,0.0
aaron dobson,,0,0.0
aaron donald,,0,0.0
aaron green,,0,0.0
aaron grymes,,0,0.0
aaron jones,,0,0.0
aaron lynch,,0,0.0
aaron neary,,0,0.0
aaron peck,,0,0.0
aaron ripkowski,,0,0.0
aaron rodgers,,0,0.0
aaron taylor,,0,0.0
aaron wallace,,0,0.0
aaron williams,,0,0.0
abner logan,,0,0.0
abry jones,,0,0.0
adairius barnes,,0,0.0
adam bighill,,0,0.0
adam bisnowaty,,0,0.0
adam butler,,0,0.0
adam gettis,,0,0.0
adam gotsis,,0,0.0
adam humphries,,0,0.0
adam jones,,0,0.0
adam pankey,,0,0.0
adam redmond,,0,0.0
adam shaheen,,0,0.0
adam thielen,,0,0.0
adam vinatieri,,0,0.0
adarius glanton,,0,0.0
adolphus washington,,0,0.0
adoree' jackson,,0,0.0
adrian amos,,0,0.0
adrian clayborn,,0,0.0
adrian colbert,,0,0.0
adrian mcdonald,,0,0.0
adrian peterson,,0,0.0
adrian phillips,,0,0.0
ahkello witherspoon,,0,0.0
ahmad brooks,,0,0.0
ahtyba rubin,,0,0.0
aj mccarron,,0,0.0
akeem ayers,,0,0.0
akeem dent,,0,0.0
akeem hunt,,0,0.0
akeem judd,,0,0.0
akeem king,,0,0.0
akeem spence,,0,0.0
akiem hicks,,0,0.0
al woods,,0,0.0
alan branch,,0,0.0
alan cross,,0,0.0
alani fua,,0,0.0
albert mcclellan,,0,0.0
albert wilson,,0,0.0
al-damion riles,,0,0.0
aldon smith,,0,0.0
aldrick robinson,,0,0.0
aldrick rosas,,0,0.0
alec ogletree,,0,0.0
alejandro villanueva,,0,0.0
alek torgersen,,0,0.0
alex anzalone,,0,0.0
alex armah,,0,0.0
alex balducci,,0,0.0
alex barrett,,0,0.0
alex bazzie,,0,0.0
alex boone,,0,0.0
alex carter,,0,0.0
alex collins,,0,0.0
alex ellis,,0,0.0
alex erickson,,0,0.0
alex gray,,0,0.0
alex gray,,0,0.0
alex jenkins,,0,0.0
alex lewis,,0,0.0
alex mack,,0,0.0
alex mccalister,,0,0.0
alex okafor,,0,0.0
alex redmond,,0,0.0
alex scearce,,0,0.0
alex smith,,0,0.0
alex tanney,,0,0.0
alfred blue,,0,0.0
alfred morris,,0,0.0
algernon brown,,0,0.0
al-hajj shabazz,,0,0.0
ali marpet,,0,0.0
allen bailey,,0,0.0
allen barbre,,0,0.0
allen hurns,,0,0.0
allen robinson,,0,0.0
alonzo moore,,0,0.0
alonzo russell,,0,0.0
al-quadin muhammad,,0,0.0
alshon jeffery,,0,0.0
alterraun verner,,0,0.0
alvin bailey,,0,0.0
alvin hill,,0,0.0
alvin kamara,,0,0.0
amara darboh,,0,0.0
amari cooper,,0,0.0
amba etta-tawo,,0,0.0
ameer abdullah,,0,0.0
amini silatolu,,0,0.0
andre branch,,0,0.0
andre ellington,,0,0.0
andre hal,,0,0.0
andre holmes,,0,0.0
andre patton,,0,0.0
andre roberts,,0,0.0
andre smith,,0,0.0
andre williams,,0,0.0
andreas knappe,,0,0.0
andrew adams,,0,0.0
andrew billings,,0,0.0
andrew donnal,,0,0.0
andrew franks,,0,0.0
andrew gachkar,,0,0.0
andrew gardner,,0,0.0
andrew hawkins,,0,0.0
andrew jelks,,0,0.0
andrew luck,,0,0.0
andrew norwell,,0,0.0
andrew sendejo,,0,0.0
andrew tiller,,0,0.0
andrew whitworth,,0,0.0
andrew williamson,,0,0.0
andrew wylie,,0,0.0
andrus peat,,0,0.0
andy dalton,,0,0.0
andy janovich,,0,0.0
andy jones,,0,0.0
andy lee,,0,0.0
andy levitre,,0,0.0
andy mulumba,,0,0.0
andy phillips,,0,0.0
angelo blackson,,0,0.0
anquan boldin,,0,0.0
anthony barr,,0,0.0
anthony brown,,0,0.0
anthony castonzo,,0,0.0
anthony chickillo,,0,0.0
anthony cioffi,,0,0.0
anthony dable,,0,0.0
anthony denham,,0,0.0
anthony fabiano,,0,0.0
anthony fasano,,0,0.0
anthony firkser,,0,0.0
anthony harrell,,0,0.0
anthony harris,,0,0.0
anthony hitchens,,0,0.0
anthony johnson,,0,0.0
anthony kukwa,,0,0.0
anthony lanier,,0,0.0
anthony levine,,0,0.0
anthony nash,,0,0.0
anthony sherman,,0,0.0
anthony steen,,0,0.0
anthony walker,,0,0.0
anthony zettel,,0,0.0
antoine bethea,,0,0.0
antone exum,,0,0.0
antone smith,,0,0.0
antonio allen,,0,0.0
antonio brown,,0,0.0
antonio garcia,,0,0.0
antonio gates,,0,0.0
antonio hamilton,,0,0.0
antonio morrison,,0,0.0
antonio smith,,0,0.0
antony auclair,,0,0.0
antwan goodley,,0,0.0
antwaun woods,,0,0.0
antwione williams,,0,0.0
aqib talib,,0,0.0
ardarius stewart,,0,0.0
arie kouandjio,,0,0.0
arik armstead,,0,0.0
armonty bryant,,0,0.0
arrelious benn,,0,0.0
artavis scott,,0,0.0
arthur brown,,0,0.0
arthur jones,,0,0.0
arthur maulet,,0,0.0
arthur miley,,0,0.0
arthur moats,,0,0.0
artie burns,,0,0.0
arturo uzdavinis,,0,0.0
asa jackson,,0,0.0
asante cleveland,,0,0.0
ashaad mabry,,0,0.0
a'shawn robinson,,0,0.0
ashton lampkin,,0,0.0
audie cole,,0,0.0
austin blythe,,0,0.0
austin carr,,0,0.0
austin davis,,0,0.0
austin duke,,0,0.0
austin ekeler,,0,0.0
austin hooper,,0,0.0
austin howard,,0,0.0
austin johnson,,0,0.0
austin johnson,,0,0.0
austin pasztor,,0,0.0
austin rehkow,,0,0.0
austin reiter,,0,0.0
austin seferian-jenkins,,0,0.0
austin shepherd,,0,0.0
austin traylor,,0,0.0
avery gennesy,,0,0.0
avery moss,,0,0.0
avery williams,,0,0.0
avery williamson,,0,0.0
avery young,,0,0.0
aviante collins,,0,0.0
aziz shittu,,0,0.0
b.j. bello,,0,0.0
b.j. daniels,,0,0.0
b.j. finney,,0,0.0
b.j. goodson,,0,0.0
b.j. johnson,,0,0.0
b.t. sanders,,0,0.0
b.w. webb,,0,0.0
bacarri rambo,,0,0.0
bam bradley,,0,0.0
barkevious mingo,,0,0.0
barry church,,0,0.0
bart houston,,0,0.0
bashaud breeland,,0,0.0
beau allen,,0,0.0
beau brinkley,,0,0.0
beau sandland,,0,0.0
ben boulware,,0,0.0
ben braden,,0,0.0
ben braunecker,,0,0.0
ben garland,,0,0.0
ben gedeon,,0,0.0
ben heeney,,0,0.0
ben ijalana,,0,0.0
ben jacobs,,0,0.0
ben jones,,0,0.0
ben koyack,,0,0.0
ben roethlisberger,,0,0.0
benardrick mckinney,,0,0.0
bene' benwikere,,0,0.0
benjamin watson,,0,0.0
bennie fowler,,0,0.0
bennie logan,,0,0.0
benny cunningham,,0,0.0
benson mayowa,,0,0.0
bernard pierce,,0,0.0
bernard reedy,,0,0.0
bilal powell,,0,0.0
billy brown,,0,0.0
billy turner,,0,0.0
billy winn,,0,0.0
bishop sankey,,0,0.0
blaine clausell,,0,0.0
blaine gabbert,,0,0.0
blair brown,,0,0.0
blair walsh,,0,0.0
blake annen,,0,0.0
blake bell,,0,0.0
blake bortles,,0,0.0
blake countess,,0,0.0
blake jarwin,,0,0.0
blake martinez,,0,0.0
blake muir,,0,0.0
blake sims,,0,0.0
blidi wreh-wilson,,0,0.0
bobby hart,,0,0.0
bobby massie,,0,0.0
bobby mccain,,0,0.0
bobby rainey,,0,0.0
bobby wagner,,0,0.0
bobo wilson,,0,0.0
boseko lokombo,,0,0.0
brad kaaya,,0,0.0
brad nortman,,0,0.0
brad seaton,,0,0.0
brad watson,,0,0.0
brad wing,,0,0.0
bradley marquez,,0,0.0
bradley mcdougald,,0,0.0
bradley pinion,,0,0.0
bradley roby,,0,0.0
bradley sowell,,0,0.0
bradley sylve,,0,0.0
bra'lon cherry,,0,0.0
branden albert,,0,0.0
branden jackson,,0,0.0
branden oliver,,0,0.0
brandin bryant,,0,0.0
brandin cooks,,0,0.0
brandon allen,,0,0.0
brandon banks,,0,0.0
brandon barnes,,0,0.0
brandon bell,,0,0.0
brandon bolden,,0,0.0
brandon boykin,,0,0.0
brandon brooks,,0,0.0
brandon carr,,0,0.0
brandon chubb,,0,0.0
brandon coleman,,0,0.0
brandon copeland,,0,0.0
brandon dixon,,0,0.0
brandon doughty,,0,0.0
brandon dunn,,0,0.0
brandon flowers,,0,0.0
brandon fusco,,0,0.0
brandon graham,,0,0.0
brandon king,,0,0.0
brandon kublanow,,0,0.0
brandon lafell,,0,0.0
brandon linder,,0,0.0
brandon marshall,,0,0.0
brandon marshall,,0,0.0
brandon mcmanus,,0,0.0
brandon mebane,,0,0.0
brandon myers,,0,0.0
brandon reilly,,0,0.0
brandon scherff,,0,0.0
brandon shell,,0,0.0
brandon shippen,,0,0.0
brandon spikes,,0,0.0
brandon stewart,,0,0.0
brandon tate,,0,0.0
brandon thomas,,0,0.0
brandon thompson,,0,0.0
brandon watts,,0,0.0
brandon weeden,,0,0.0
brandon wilds,,0,0.0
brandon williams,,0,0.0
brandon williams,,0,0.0
brandon williams,,0,0.0
brandon wilson,,0,0.0
braxton miller,,0,0.0
brendan langley,,0,0.0
brennan scarlett,,0,0.0
brennen beyer,,0,0.0
breno giacomini,,0,0.0
brent celek,,0,0.0
brent grimes,,0,0.0
brent qvale,,0,0.0
brent urban,,0,0.0
brenton bersin,,0,0.0
breon borders,,0,0.0
breshad perriman,,0,0.0
brett boyko,,0,0.0
brett goode,,0,0.0
brett hundley,,0,0.0
brett jones,,0,0.0
brett kern,,0,0.0
brian allen,,0,0.0
brian blechen,,0,0.0
brian brown,,0,0.0
brian cushing,,0,0.0
brian dixon,,0,0.0
brian hill,,0,0.0
brian hoyer,,0,0.0
brian mihalik,,0,0.0
brian orakpo,,0,0.0
brian parker,,0,0.0
brian peters,,0,0.0
brian poole,,0,0.0
brian price,,0,0.0
brian quick,,0,0.0
brian randolph,,0,0.0
brian robison,,0,0.0
brian schwenke,,0,0.0
brian winters,,0,0.0
brice butler,,0,0.0
brice mccain,,0,0.0
briean boddy-calhoun,,0,0.0
brisly estime,,0,0.0
brittan golden,,0,0.0
britton colquitt,,0,0.0
brock coyle,,0,0.0
brock osweiler,,0,0.0
bronson kaufusi,,0,0.0
brooks ellis,,0,0.0
brooks reed,,0,0.0
bruce carter,,0,0.0
bruce ellington,,0,0.0
bruce irvin,,0,0.0
bryan anger,,0,0.0
bryan braman,,0,0.0
bryan bulaga,,0,0.0
bryan cox,,0,0.0
bryan witzmann,,0,0.0
bryce callahan,,0,0.0
bryce hager,,0,0.0
bryce harris,,0,0.0
bryce jones,,0,0.0
bryce petty,,0,0.0
bryce treggs,,0,0.0
bryce williams,,0,0.0
brynden trawick,,0,0.0
bryson albright,,0,0.0
bryson keeton,,0,0.0
bucky hodges,,0,0.0
bud dupree,,0,0.0
budda baker,,0,0.0
bug howard,,0,0.0
buster skrine,,0,0.0
byron bell,,0,0.0
byron jones,,0,0.0
byron marshall,,0,0.0
byron maxwell,,0,0.0
c.j. anderson,,0,0.0
c.j. beathard,,0,0.0
c.j. board,,0,0.0
c.j. fiedorowicz,,0,0.0
c.j. goodwin,,0,0.0
c.j. ham,,0,0.0
c.j. mosley,,0,0.0
c.j. prosise,,0,0.0
c.j. robbins,,0,0.0
c.j. smith,,0,0.0
c.j. spiller,,0,0.0
c.j. uzomah,,0,0.0
c.j. wilson,,0,0.0
cairo santos,,0,0.0
calais campbell,,0,0.0
caleb benenoch,,0,0.0
caleb bluiett,,0,0.0
caleb brantley,,0,0.0
caleb kidder,,0,0.0
caleb sturgis,,0,0.0
calvin munson,,0,0.0
calvin pryor,,0,0.0
cam johnson,,0,0.0
cam keizur,,0,0.0
cam newton,,0,0.0
cam robinson,,0,0.0
cam sutton,,0,0.0
cam thomas,,0,0.0
cameron artis-payne,,0,0.0
cameron brate,,0,0.0
cameron erving,,0,0.0
cameron fleming,,0,0.0
cameron heyward,,0,0.0
cameron hunt,,0,0.0
cameron jefferson,,0,0.0
cameron johnston,,0,0.0
cameron jordan,,0,0.0
cameron lee,,0,0.0
cameron lynch,,0,0.0
cameron malveaux,,0,0.0
cameron meredith,,0,0.0
cameron tom,,0,0.0
cameron wake,,0,0.0
canaan severin,,0,0.0
cap capi,,0,0.0
captain munnerlyn,,0,0.0
caraun reid,,0,0.0
cardale jones,,0,0.0
carl bradford,,0,0.0
carl davis,,0,0.0
carl lawson,,0,0.0
carl nassib,,0,0.0
carlos dunlap,,0,0.0
carlos henderson,,0,0.0
carlos hyde,,0,0.0
carlos thompson,,0,0.0
carlos watkins,,0,0.0
carlton agudosi,,0,0.0
carroll phillips,,0,0.0
carson palmer,,0,0.0
carson tinker,,0,0.0
carson wentz,,0,0.0
case keenum,,0,0.0
casey hayward,,0,0.0
casey kreiter,,0,0.0
casey sayles,,0,0.0
cassanova mckinzy,,0,0.0
cassius marsh,,0,0.0
caushaud lyons,,0,0.0
cayleb jones,,0,0.0
cecil shorts,,0,0.0
cedric ogbuehi,,0,0.0
cedric o'neal,,0,0.0
cedric peerman,,0,0.0
cedric thornton,,0,0.0
cedrick lang,,0,0.0
cethan carter,,0,0.0
chad greenway,,0,0.0
chad hansen,,0,0.0
chad henne,,0,0.0
chad kelly,,0,0.0
chad slade,,0,0.0
chad wheeler,,0,0.0
chad williams,,0,0.0
chance warmack,,0,0.0
chanceller james,,0,0.0
chandler catanzaro,,0,0.0
chandler jones,,0,0.0
channing stribling,,0,0.0
channing ward,,0,0.0
charcandrick west,,0,0.0
charles clay,,0,0.0
charles harris,,0,0.0
charles james,,0,0.0
charles johnson,,0,0.0
charles johnson,,0,0.0
charles leno,,0,0.0
charles sims,,0,0.0
charles tapper,,0,0.0
charles washington,,0,0.0
charley hughlett,,0,0.0
charlie miller,,0,0.0
charmeachealle moore,,0,0.0
charone peake,,0,0.0
chase allen,,0,0.0
chase daniel,,0,0.0
chase dominguez,,0,0.0
chase farris,,0,0.0
chase reynolds,,0,0.0
chase roullier,,0,0.0
chauncey briggs,,0,0.0
chaz green,,0,0.0
chester rogers,,0,0.0
chidobe awuzie,,0,0.0
chimdi chekwa,,0,0.0
chris baker,,0,0.0
chris banjo,,0,0.0
chris barker,,0,0.0
chris bordelon,,0,0.0
chris boswell,,0,0.0
chris brown,,0,0.0
chris carson,,0,0.0
chris carter,,0,0.0
chris casher,,0,0.0
chris chester,,0,0.0
chris clark,,0,0.0
chris conley,,0,0.0
chris conte,,0,0.0
chris godwin,,0,0.0
chris gragg,,0,0.0
chris hairston,,0,0.0
chris harper,,0,0.0
chris harris,,0,0.0
chris hogan,,0,0.0
chris hubbard,,0,0.0
chris hubert,,0,0.0
chris humes,,0,0.0
chris ivory,,0,0.0
chris johnson,,0,0.0
chris jones,,0,0.0
chris jones,,0,0.0
chris jones,,0,0.0
chris landrum,,0,0.0
chris lewis-harris,,0,0.0
chris long,,0,0.0
chris manhertz,,0,0.0
chris maragos,,0,0.0
chris matthews,,0,0.0
chris mccain,,0,0.0
chris milton,,0,0.0
chris moore,,0,0.0
chris muller,,0,0.0
chris odom,,0,0.0
chris pantale,,0,0.0
chris prosinski,,0,0.0
chris reed,,0,0.0
chris scott,,0,0.0
chris smith,,0,0.0
chris thompson,,0,0.0
chris thompson,,0,0.0
chris wormley,,0,0.0
christian brown,,0,0.0
christian covington,,0,0.0
christian hackenberg,,0,0.0
christian jones,,0,0.0
christian kirksey,,0,0.0
christian mccaffrey,,0,0.0
christian ponder,,0,0.0
christian ringo,,0,0.0
christian tago,,0,0.0
christian westerman,,0,0.0
christine michael,,0,0.0
chuck clark,,0,0.0
chykie brown,,0,0.0
clark harris,,0,0.0
claude pelon,,0,0.0
clay debord,,0,0.0
clay harbor,,0,0.0
clay matthews,,0,0.0
clayton fejedelem,,0,0.0
clayton geathers,,0,0.0
cliff avril,,0,0.0
clint boling,,0,0.0
clinton mcdonald,,0,0.0
clive walford,,0,0.0
cobi hamilton,,0,0.0
coby fleener,,0,0.0
cody core,,0,0.0
cody davis,,0,0.0
cody heiman,,0,0.0
cody hollister,,0,0.0
cody kessler,,0,0.0
cody latimer,,0,0.0
cody parkey,,0,0.0
cody riggs,,0,0.0
cody wallace,,0,0.0
cody whitehair,,0,0.0
cody wichmann,,0,0.0
colby pearson,,0,0.0
cole beasley,,0,0.0
cole croston,,0,0.0
cole gardner,,0,0.0
cole hikutini,,0,0.0
cole luke,,0,0.0
cole toner,,0,0.0
cole wick,,0,0.0
colin holba,,0,0.0
colin jeter,,0,0.0
colin jones,,0,0.0
colin kaepernick,,0,0.0
colin thompson,,0,0.0
colt anderson,,0,0.0
colt mccoy,,0,0.0
colton schmidt,,0,0.0
connor barth,,0,0.0
connor barwin,,0,0.0
connor bozick,,0,0.0
connor cook,,0,0.0
connor hamlett,,0,0.0
connor harris,,0,0.0
connor mcgovern,,0,0.0
connor shaw,,0,0.0
conor mcdermott,,0,0.0
cooper helfet,,0,0.0
cooper kupp,,0,0.0
cooper rush,,0,0.0
corbin bryant,,0,0.0
cordarrelle patterson,,0,0.0
cordrea tankersley,,0,0.0
cordy glenn,,0,0.0
corey brown,,0,0.0
corey clement,,0,0.0
corey coleman,,0,0.0
corey davis,,0,0.0
corey fuller,,0,0.0
corey graham,,0,0.0
corey grant,,0,0.0
corey lemonier,,0,0.0
corey levin,,0,0.0
corey linsley,,0,0.0
corey liuget,,0,0.0
corey moore,,0,0.0
corey nelson,,0,0.0
corey peters,,0,0.0
corey robinson,,0,0.0
corey vereen,,0,0.0
corey white,,0,0.0
corin brooks,,0,0.0
corn elder,,0,0.0
cornelius edison,,0,0.0
cornelius lucas,,0,0.0
cornelius washington,,0,0.0
cory carter,,0,0.0
cory harkey,,0,0.0
cory james,,0,0.0
cory littleton,,0,0.0
coty sensabaugh,,0,0.0
courtney upshaw,,0,0.0
craig mager,,0,0.0
craig robertson,,0,0.0
craig watts,,0,0.0
cre'von leblanc,,0,0.0
crezdon butler,,0,0.0
crockett gillmore,,0,0.0
cullen jenkins,,0,0.0
curtis grant,,0,0.0
curtis riley,,0,0.0
curtis samuel,,0,0.0
cyril grayson,,0,0.0
cyril richardson,,0,0.0
cyrus jones,,0,0.0
d.j. alexander,,0,0.0
d.j. fluker,,0,0.0
d.j. foster,,0,0.0
d.j. hayden,,0,0.0
d.j. humphries,,0,0.0
d.j. jones,,0,0.0
d.j. killings,,0,0.0
d.j. reader,,0,0.0
d.j. swearinger,,0,0.0
d.j. tialavea,,0,0.0
d.j. white,,0,0.0
dadi nicolas,,0,0.0
daeshon hall,,0,0.0
daikiel shorts,,0,0.0
daimion stafford,,0,0.0
dak prescott,,0,0.0
dakota dozier,,0,0.0
dallas thomas,,0,0.0
dalton crossan,,0,0.0
dalvin cook,,0,0.0
dalvin tomlinson,,0,0.0
damariay drew,,0,0.0
damarious randall,,0,0.0
damarius travis,,0,0.0
damian swann,,0,0.0
damien mama,,0,0.0
damien williams,,0,0.0
damien wilson,,0,0.0
damiere byrd,,0,0.0
damion square,,0,0.0
damon harrison,,0,0.0
damontae kazee,,0,0.0
damontre moore,,0,0.0
damore'ea stringfellow,,0,0.0
dan arnold,,0,0.0
dan bailey,,0,0.0
dan carpenter,,0,0.0
dan feeney,,0,0.0
dan france,,0,0.0
dan mccullers-sanders,,0,0.0
dan orlovsky,,0,0.0
dan skipper,,0,0.0
dan skuta,,0,0.0
dan williams,,0,0.0
daniel braverman,,0,0.0
daniel brown,,0,0.0
daniel brunskill,,0,0.0
daniel gray,,0,0.0
daniel henry,,0,0.0
daniel kilgore,,0,0.0
daniel lasco,,0,0.0
daniel munyer,,0,0.0
daniel ross,,0,0.0
daniel sorensen,,0,0.0
danielle hunter,,0,0.0
dannell ellerbe,,0,0.0
danny amendola,,0,0.0
danny isidora,,0,0.0
danny shelton,,0,0.0
danny trevathan,,0,0.0
danny vitale,,0,0.0
danny woodhead,,0,0.0
da'norris searcy,,0,0.0
dante barnett,,0,0.0
dante blackmon,,0,0.0
dante fowler,,0,0.0
daquan jones,,0,0.0
dare ogunbowale,,0,0.0
daren bates,,0,0.0
darian stewart,,0,0.0
darian thompson,,0,0.0
darion griswold,,0,0.0
darius butler,,0,0.0
darius english,,0,0.0
darius hillary,,0,0.0
darius jackson,,0,0.0
darius jennings,,0,0.0
darius kilgo,,0,0.0
darius latham,,0,0.0
darius philon,,0,0.0
darius powe,,0,0.0
darius slay,,0,0.0
darnell leslie,,0,0.0
da'ron brown,,0,0.0
darqueze dennard,,0,0.0
darrel young,,0,0.0
darrell daniels,,0,0.0
darrell greene,,0,0.0
darrell stuckey,,0,0.0
darrell williams,,0,0.0
darrell williams,,0,0.0
darrelle revis,,0,0.0
darren fells,,0,0.0
darren mcfadden,,0,0.0
darren sproles,,0,0.0
darren waller,,0,0.0
darreus rogers,,0,0.0
darrin laufasa,,0,0.0
darrius heyward-bey,,0,0.0
darron lee,,0,0.0
darryl morris,,0,0.0
darryl roberts,,0,0.0
darryl tapp,,0,0.0
daryl richardson,,0,0.0
daryl smith,,0,0.0
daryl washington,,0,0.0
daryl williams,,0,0.0
daryl worley,,0,0.0
dashaun amos,,0,0.0
dashaun phillips,,0,0.0
dashon goldson,,0,0.0
datone jones,,0,0.0
davante adams,,0,0.0
david amerson,,0,0.0
david andrews,,0,0.0
david arkin,,0,0.0
david bakhtiari,,0,0.0
david bass,,0,0.0
david dean,,0,0.0
david decastro,,0,0.0
david fales,,0,0.0
david fluellen,,0,0.0
david harris,,0,0.0
david irving,,0,0.0
david johnson,,0,0.0
david johnson,,0,0.0
david jones,,0,0.0
david king,,0,0.0
david mayo,,0,0.0
david moore,,0,0.0
david morgan,,0,0.0
david njoku,,0,0.0
david onyemata,,0,0.0
david parry,,0,0.0
david quessenberry,,0,0.0
david rivers,,0,0.0
david sharpe,,0,0.0
david talley,,0,0.0
david watford,,0,0.0
david yankey,,0,0.0
davis webb,,0,0.0
davon godchaux,,0,0.0
davon house,,0,0.0
davonte lambert,,0,0.0
dawuane smoot,,0,0.0
dayon pratt,,0,0.0
dean lowry,,0,0.0
dean marlowe,,0,0.0
deandre carter,,0,0.0
deandre coleman,,0,0.0
deandre elliott,,0,0.0
deandre hopkins,,0,0.0
deandre houston-carson,,0,0.0
deandre levy,,0,0.0
deandre smelter,,0,0.0
deandre washington,,0,0.0
deandrew white,,0,0.0
deangelo brown,,0,0.0
deangelo hall,,0,0.0
de'angelo henderson,,0,0.0
deangelo williams,,0,0.0
deangelo yancey,,0,0.0
deante burton,,0,0.0
deante' gray,,0,0.0
de'anthony thomas,,0,0.0
deatrich wise,,0,0.0
de'chavon hayes,,0,0.0
dede westbrook,,0,0.0
dee ford,,0,0.0
dee virgin,,0,0.0
deforest buckner,,0,0.0
deion jones,,0,0.0
deiondre' hall,,0,0.0
deiontrez mount,,0,0.0
deji olatoye,,0,0.0
dekoda watson,,0,0.0
delanie walker,,0,0.0
delano hill,,0,0.0
delvin breaux,,0,0.0
demar dotson,,0,0.0
demarco murray,,0,0.0
demarcus ayers,,0,0.0
demarcus lawrence,,0,0.0
demarcus robinson,,0,0.0
demarcus walker,,0,0.0
demario davis,,0,0.0
demaryius thomas,,0,0.0
demetri goodson,,0,0.0
demetrious cox,,0,0.0
demetrius harris,,0,0.0
demetrius mccray,,0,0.0
demetrius rhaney,,0,0.0
demontre hurst,,0,0.0
denard robinson,,0,0.0
denico autry,,0,0.0
dennis kelly,,0,0.0
dennis pitta,,0,0.0
denver kirkland,,0,0.0
denzel johnson,,0,0.0
denzel perryman,,0,0.0
denzel rice,,0,0.0
denzelle good,,0,0.0
deon bush,,0,0.0
deon hollins,,0,0.0
deon lacey,,0,0.0
deon simon,,0,0.0
deondre barnett,,0,0.0
de'ondre wesley,,0,0.0
deone bucannon,,0,0.0
deontae skinner,,0,0.0
deonte thompson,,0,0.0
derek anderson,,0,0.0
derek barnett,,0,0.0
derek carr,,0,0.0
derek carrier,,0,0.0
derek hart,,0,0.0
derek rivers,,0,0.0
derek watt,,0,0.0
derek wolfe,,0,0.0
derel walker,,0,0.0
deron washington,,0,0.0
derrick coleman,,0,0.0
derrick henry,,0,0.0
derrick johnson,,0,0.0
derrick jones,,0,0.0
derrick kindred,,0,0.0
derrick mathews,,0,0.0
derrick morgan,,0,0.0
derrick shelby,,0,0.0
derron smith,,0,0.0
des lawrence,,0,0.0
desean jackson,,0,0.0
deshaun watson,,0,0.0
deshawn shead,,0,0.0
deshawn williams,,0,0.0
deshazor everett,,0,0.0
deshon foxx,,0,0.0
deshone kizer,,0,0.0
desmond bryant,,0,0.0
desmond king,,0,0.0
desmond trufant,,0,0.0
destiny vaeao,,0,0.0
devante bausby,,0,0.0
devante bond,,0,0.0
de'vante harris,,0,0.0
devante mays,,0,0.0
devante parker,,0,0.0
devaroe lawrence,,0,0.0
de'veon smith,,0,0.0
devin chappell,,0,0.0
devin fuller,,0,0.0
devin funchess,,0,0.0
devin hester,,0,0.0
devin lucien,,0,0.0
devin mccourty,,0,0.0
devin smith,,0,0.0
devin street,,0,0.0
devin taylor,,0,0.0
devine redding,,0,0.0
devon kennard,,0,0.0
devon still,,0,0.0
de'vondre campbell,,0,0.0
devonta freeman,,0,0.0
devontae booker,,0,0.0
dewey mcdonald,,0,0.0
dexter mccluster,,0,0.0
dexter mccoil,,0,0.0
dexter mcdonald,,0,0.0
dexter mcdougle,,0,0.0
deyshawn bond,,0,0.0
dez bryant,,0,0.0
dezmen southward,,0,0.0
dezmin lewis,,0,0.0
dieugot joseph,,0,0.0
dillon day,,0,0.0
dillon deboer,,0,0.0
dillon gordon,,0,0.0
dion dawkins,,0,0.0
dion jordan,,0,0.0
dion lewis,,0,0.0
dion sims,,0,0.0
dj pumphrey,,0,0.0
d'joun smith,,0,0.0
dom williams,,0,0.0
domata peko,,0,0.0
dominique alexander,,0,0.0
dominique easley,,0,0.0
dominique hatfield,,0,0.0
dominique jones,,0,0.0
dominique rodgers-cromartie,,0,0.0
don barclay,,0,0.0
don carey,,0,0.0
don cherry,,0,0.0
don jones,,0,0.0
don muhlbach,,0,0.0
donald butler,,0,0.0
donald payne,,0,0.0
donald penn,,0,0.0
donald stephenson,,0,0.0
donatello brown,,0,0.0
donavin newsom,,0,0.0
donavon clark,,0,0.0
donnie jones,,0,0.0
donovan smith,,0,0.0
d'onta foreman,,0,0.0
dont'a hightower,,0,0.0
dontae johnson,,0,0.0
dontari poe,,0,0.0
donte deayon,,0,0.0
donte moncrief,,0,0.0
donte whitner,,0,0.0
donteea dye,,0,0.0
dontez ford,,0,0.0
dontrell nelson,,0,0.0
dontrelle inman,,0,0.0
doran grant,,0,0.0
dorial green-beckham,,0,0.0
dorian johnson,,0,0.0
doug baldwin,,0,0.0
doug martin,,0,0.0
doug middleton,,0,0.0
d'qwell jackson,,0,0.0
dre kirkpatrick,,0,0.0
dres anderson,,0,0.0
drew brees,,0,0.0
drew kaser,,0,0.0
drew morgan,,0,0.0
drew stanton,,0,0.0
duane brown,,0,0.0
dujuan harris,,0,0.0
duke ihenacho,,0,0.0
duke johnson,,0,0.0
duke riley,,0,0.0
duke thomas,,0,0.0
duke williams,,0,0.0
duron harmon,,0,0.0
dustin colquitt,,0,0.0
dustin hopkins,,0,0.0
dustin stanton,,0,0.0
dustin vaughan,,0,0.0
dwayne allen,,0,0.0
dwayne gratz,,0,0.0
dwayne harris,,0,0.0
dwayne thomas,,0,0.0
dwayne washington,,0,0.0
dwight freeney,,0,0.0
dwight lowery,,0,0.0
dylan bradley,,0,0.0
dylan cole,,0,0.0
dylan donahue,,0,0.0
dylan thompson,,0,0.0
dymonte thomas,,0,0.0
e.j. gaines,,0,0.0
earl mitchell,,0,0.0
earl okine,,0,0.0
earl thomas,,0,0.0
earl watford,,0,0.0
earl wolff,,0,0.0
ed dickson,,0,0.0
ed reynolds,,0,0.0
ed stinson,,0,0.0
eddie goldman,,0,0.0
eddie jackson,,0,0.0
eddie lacy,,0,0.0
eddie pleasant,,0,0.0
eddie royal,,0,0.0
eddie vanderdoes,,0,0.0
eddie yarbrough,,0,0.0
edmond robinson,,0,0.0
edwin jackson,,0,0.0
efe obada,,0,0.0
ej manuel,,0,0.0
ejuan price,,0,0.0
elandon roberts,,0,0.0
eli ankou,,0,0.0
eli apple,,0,0.0
eli harold,,0,0.0
eli jenkins,,0,0.0
eli manning,,0,0.0
eli rogers,,0,0.0
elie bouka,,0,0.0
elijah hood,,0,0.0
elijah lee,,0,0.0
elijah mcguire,,0,0.0
elijah qualls,,0,0.0
elijah wilkinson,,0,0.0
elijhaa penny,,0,0.0
elvis dumervil,,0,0.0
emanuel byrd,,0,0.0
emmanuel lamur,,0,0.0
emmanuel ogbah,,0,0.0
emmanuel sanders,,0,0.0
emmett cleary,,0,0.0
ereck flowers,,0,0.0
eric berry,,0,0.0
eric crume,,0,0.0
eric decker,,0,0.0
eric ebron,,0,0.0
eric fisher,,0,0.0
eric kendricks,,0,0.0
eric kush,,0,0.0
eric lee,,0,0.0
eric murray,,0,0.0
eric nzeocha,,0,0.0
eric pinkins,,0,0.0
eric reid,,0,0.0
eric rowe,,0,0.0
eric saubert,,0,0.0
eric smith,,0,0.0
eric tomlinson,,0,0.0
eric wallace,,0,0.0
eric weddle,,0,0.0
eric weems,,0,0.0
eric wilson,,0,0.0
eric winston,,0,0.0
eric wood,,0,0.0
erik harris,,0,0.0
erik magnuson,,0,0.0
erik swoope,,0,0.0
erik walden,,0,0.0
erin henderson,,0,0.0
ethan cooper,,0,0.0
ethan pocic,,0,0.0
ethan westbrooks,,0,0.0
eugene sims,,0,0.0
evan baylis,,0,0.0
evan boehm,,0,0.0
evan engram,,0,0.0
evan goodman,,0,0.0
evan mathis,,0,0.0
evan panfil,,0,0.0
evan schwan,,0,0.0
evan smith,,0,0.0
everson griffen,,0,0.0
ezekiel ansah,,0,0.0
ezekiel elliott,,0,0.0
ezra robinson,,0,0.0
fabian moreau,,0,0.0
fadol brown,,0,0.0
fahn cooper,,0,0.0
farrington huguenin,,0,0.0
fish smithson,,0,0.0
fitzgerald toussaint,,0,0.0
fletcher cox,,0,0.0
forrest lamp,,0,0.0
fozzy whittaker,,0,0.0
francis kallon,,0,0.0
francis owusu,,0,0.0
frank beltre,,0,0.0
frank clark,,0,0.0
frank gore,,0,0.0
frank zombo,,0,0.0
frankie hammond,,0,0.0
fred ross,,0,0.0
freddie bishop,,0,0.0
freddie martino,,0,0.0
freddie stevenson,,0,0.0
freddie tagaloa,,0,0.0
frostee rucker,,0,0.0
gabe holmes,,0,0.0
gabe ikard,,0,0.0
gabe jackson,,0,0.0
gabe marks,,0,0.0
gabe martin,,0,0.0
gabe wright,,0,0.0
gabriel mass,,0,0.0
gareon conley,,0,0.0
garett bolles,,0,0.0
garrett celek,,0,0.0
garrett gilbert,,0,0.0
garrett grayson,,0,0.0
garrett griffin,,0,0.0
garrett sickels,,0,0.0
garrison sanborn,,0,0.0
garrison smith,,0,0.0
garry gilliam,,0,0.0
gary barnidge,,0,0.0
gavin escobar,,0,0.0
gehrig dieter,,0,0.0
geneo grissom,,0,0.0
geno atkins,,0,0.0
geno smith,,0,0.0
geoff gray,,0,0.0
geoff swaim,,0,0.0
george atkinson,,0,0.0
george fant,,0,0.0
george iloka,,0,0.0
george johnson,,0,0.0
george kittle,,0,0.0
george winn,,0,0.0
gerald everett,,0,0.0
gerald hodges,,0,0.0
gerald mccoy,,0,0.0
geremy davis,,0,0.0
germain ifedi,,0,0.0
geronimo allison,,0,0.0
gimel president,,0,0.0
gino gradkowski,,0,0.0
gio pascascio,,0,0.0
giorgio tavecchio,,0,0.0
giovani bernard,,0,0.0
givens price,,0,0.0
glenn dorsey,,0,0.0
glenn gronkowski,,0,0.0
glover quin,,0,0.0
golden tate,,0,0.0
gosder cherilus,,0,0.0
grady jarrett,,0,0.0
graham gano,,0,0.0
graham glasgow,,0,0.0
greg ducre,,0,0.0
greg mabin,,0,0.0
greg mancz,,0,0.0
greg olsen,,0,0.0
greg pyke,,0,0.0
greg robinson,,0,0.0
greg scruggs,,0,0.0
greg toler,,0,0.0
greg ward,,0,0.0
greg warren,,0,0.0
greg zuerlein,,0,0.0
grover stewart,,0,0.0
ha ha clinton-dix,,0,0.0
haason reddick,,0,0.0
hakeem valles,,0,0.0
halapoulivaati vaitai,,0,0.0
haloti ngata,,0,0.0
hardy nickerson,,0,0.0
harlan miller,,0,0.0
harold jones-quartey,,0,0.0
harrison butker,,0,0.0
harrison smith,,0,0.0
harry douglas,,0,0.0
harvey langi,,0,0.0
hassan ridgeway,,0,0.0
hau'oli kikaha,,0,0.0
hayes pullard,,0,0.0
hendrick ekpe,,0,0.0
henry anderson,,0,0.0
henry krieger-coble,,0,0.0
herb waters,,0,0.0
horace richardson,,0,0.0
houston bates,,0,0.0
howard wilson,,0,0.0
hroniss grasu,,0,0.0
hunter dimick,,0,0.0
hunter henry,,0,0.0
hunter sharp,,0,0.0
ian seau,,0,0.0
ian silberman,,0,0.0
ibraheim campbell,,0,0.0
ifeadi odenigbo,,0,0.0
ifeanyi momah,,0,0.0
ironhead gallon,,0,0.0
isa abdul-quddus,,0,0.0
isaac asiata,,0,0.0
isaac fruechte,,0,0.0
isaac rochell,,0,0.0
isaac seumalo,,0,0.0
isaac whitney,,0,0.0
isaiah battle,,0,0.0
isaiah burse,,0,0.0
isaiah crowell,,0,0.0
isaiah ford,,0,0.0
isaiah irving,,0,0.0
isaiah johnson,,0,0.0
isaiah johnson,,0,0.0
isaiah mckenzie,,0,0.0
isaiah williams,,0,0.0
ishaq williams,,0,0.0
ishmael zamora,,0,0.0
i'tavius mathers,,0,0.0
izaah lunsford,,0,0.0
j.d. harmon,,0,0.0
j.d. mckissic,,0,0.0
j.j dielman,,0,0.0
j.j. jansen,,0,0.0
j.j. nelson,,0,0.0
j.j. watt,,0,0.0
j.j. wilcox,,0,0.0
j.p. flynn,,0,0.0
j.p. holtz,,0,0.0
j.r. nelson,,0,0.0
j.r. sweezy,,0,0.0
j.t. thomas,,0,0.0
jabaal sheard,,0,0.0
jabari price,,0,0.0
jabrill peppers,,0,0.0
jace amaro,,0,0.0
jace billingsley,,0,0.0
jack allen,,0,0.0
jack conklin,,0,0.0
jack crawford,,0,0.0
jack doyle,,0,0.0
jack lynn,,0,0.0
jack mewhort,,0,0.0
jack tocho,,0,0.0
jacob hagen,,0,0.0
jacob hollister,,0,0.0
jacob huesman,,0,0.0
jacob lindsey,,0,0.0
jacob schum,,0,0.0
jacob tamme,,0,0.0
jacoby brissett,,0,0.0
jacquies smith,,0,0.0
jacquizz rodgers,,0,0.0
jadar johnson,,0,0.0
jadeveon clowney,,0,0.0
jaelen strong,,0,0.0
jah reid,,0,0.0
jahad thomas,,0,0.0
jahleel addae,,0,0.0
jahri evans,,0,0.0
jairus byrd,,0,0.0
jake brendel,,0,0.0
jake butt,,0,0.0
jake eldrenkamp,,0,0.0
jake elliott,,0,0.0
jake fisher,,0,0.0
jake kumerow,,0,0.0
jake lampman,,0,0.0
jake long,,0,0.0
jake matthews,,0,0.0
jake mcquaide,,0,0.0
jake metz,,0,0.0
jake rodgers,,0,0.0
jake rudock,,0,0.0
jake ryan,,0,0.0
jake simonich,,0,0.0
jake stoneburner,,0,0.0
jakeem grant,,0,0.0
jaleel johnson,,0,0.0
jalen collins,,0,0.0
jalen mills,,0,0.0
jalen myrick,,0,0.0
jalen ramsey,,0,0.0
jalen reeves-maybin,,0,0.0
jalen richard,,0,0.0
jalen simmons,,0,0.0
jalin marshall,,0,0.0
jalston fowler,,0,0.0
jamaal charles,,0,0.0
jamaal jones,,0,0.0
jamaal williams,,0,0.0
jamal adams,,0,0.0
jamal agnew,,0,0.0
jamal carter,,0,0.0
jamal marcus,,0,0.0
jamal robinson,,0,0.0
jamar taylor,,0,0.0
jamarca sanford,,0,0.0
jameill showers,,0,0.0
jameis winston,,0,0.0
james bradberry,,0,0.0
james burgess,,0,0.0
james carpenter,,0,0.0
james conner,,0,0.0
james cowser,,0,0.0
james develin,,0,0.0
james ferentz,,0,0.0
james hanna,,0,0.0
james harrison,,0,0.0
james hurst,,0,0.0
james ihedigbo,,0,0.0
james onwualu,,0,0.0
james o'shaughnessy,,0,0.0
james quick,,0,0.0
james sample,,0,0.0
james starks,,0,0.0
james stone,,0,0.0
james summers,,0,0.0
james white,,0,0.0
james winchester,,0,0.0
james wright,,0,0.0
jamie collins,,0,0.0
jamie meder,,0,0.0
jamil douglas,,0,0.0
jamison crowder,,0,0.0
jamize olawale,,0,0.0
jamon brown,,0,0.0
janoris jenkins,,0,0.0
jaquiski tartt,,0,0.0
jared abbrederis,,0,0.0
jared cook,,0,0.0
jared crick,,0,0.0
jared goff,,0,0.0
jared norris,,0,0.0
jared odrick,,0,0.0
jared veldheer,,0,0.0
jarell broxton,,0,0.0
jarius wright,,0,0.0
jarnor jones,,0,0.0
jaron brown,,0,0.0
jarrad davis,,0,0.0
jarran reed,,0,0.0
jarrod harper,,0,0.0
jarrod pughsley,,0,0.0
jarrod wilson,,0,0.0
jarron jones,,0,0.0
jarveon williams,,0,0.0
jarvis harrison,,0,0.0
jarvis jenkins,,0,0.0
jarvis jones,,0,0.0
jarvis landry,,0,0.0
jason croom,,0,0.0
jason kelce,,0,0.0
jason king,,0,0.0
jason mccourty,,0,0.0
jason myers,,0,0.0
jason peters,,0,0.0
jason pierre-paul,,0,0.0
jason spriggs,,0,0.0
jason thompson,,0,0.0
jason trusnik,,0,0.0
jason vander laan,,0,0.0
jason verrett,,0,0.0
jason witten,,0,0.0
jatavis brown,,0,0.0
javarius leamon,,0,0.0
javien elliott,,0,0.0
javon hargrave,,0,0.0
javorius allen,,0,0.0
ja'wuan james,,0,0.0
jay ajayi,,0,0.0
jay bromley,,0,0.0
jay cutler,,0,0.0
jay elliott,,0,0.0
jay prosch,,0,0.0
jaydon mickens,,0,0.0
jaye howard,,0,0.0
jaylen hill,,0,0.0
jaylen watkins,,0,0.0
jaylon smith,,0,0.0
jayon brown,,0,0.0
jayron kearse,,0,0.0
jc tretter,,0,0.0
jeff adams,,0,0.0
jeff allen,,0,0.0
jeff cumberland,,0,0.0
jeff driskel,,0,0.0
jeff heath,,0,0.0
jeff heuerman,,0,0.0
jeff janis,,0,0.0
jeff knox,,0,0.0
jeff locke,,0,0.0
jeff richards,,0,0.0
jehu chesson,,0,0.0
jelani jenkins,,0,0.0
jerald hawkins,,0,0.0
jerel worthy,,0,0.0
jerell adams,,0,0.0
jeremiah attaochu,,0,0.0
jeremiah ledbetter,,0,0.0
jeremiah mckinnon,,0,0.0
jeremiah poutasi,,0,0.0
jeremiah sirles,,0,0.0
jeremiah valoaga,,0,0.0
jeremy boykins,,0,0.0
jeremy butler,,0,0.0
jeremy cash,,0,0.0
jeremy clark,,0,0.0
jeremy cutrer,,0,0.0
jeremy hill,,0,0.0
jeremy kerley,,0,0.0
jeremy lane,,0,0.0
jeremy langford,,0,0.0
jeremy liggins,,0,0.0
jeremy maclin,,0,0.0
jeremy mcnichols,,0,0.0
jeremy ross,,0,0.0
jeremy sprinkle,,0,0.0
jeremy vujnovich,,0,0.0
jeremy zuttah,,0,0.0
jerick mckinnon,,0,0.0
jermaine eluemunor,,0,0.0
jermaine grace,,0,0.0
jermaine gresham,,0,0.0
jermaine kearse,,0,0.0
jermaine whitehead,,0,0.0
jermey parnell,,0,0.0
jermon bushrod,,0,0.0
jerome cunningham,,0,0.0
jerome felton,,0,0.0
jerome lane,,0,0.0
jeron johnson,,0,0.0
jerraud powers,,0,0.0
jerrell freeman,,0,0.0
jerrol garcia-williams,,0,0.0
jerry hughes,,0,0.0
jerry ugokwe,,0,0.0
jessamen dunker,,0,0.0
jesse davis,,0,0.0
jesse james,,0,0.0
jesse schmitt,,0,0.0
jhaustin thomas,,0,0.0
jihad ward,,0,0.0
jim dray,,0,0.0
jimmie gilbert,,0,0.0
jimmie ward,,0,0.0
jimmy bean,,0,0.0
jimmy garoppolo,,0,0.0
jimmy graham,,0,0.0
jimmy landes,,0,0.0
jimmy smith,,0,0.0
jimmy staten,,0,0.0
joby saint fleur,,0,0.0
joe bacci,,0,0.0
joe banyard,,0,0.0
joe barksdale,,0,0.0
joe berger,,0,0.0
joe callahan,,0,0.0
joe cardona,,0,0.0
joe dahl,,0,0.0
joe flacco,,0,0.0
joe haden,,0,0.0
joe haeg,,0,0.0
joe hawley,,0,0.0
joe jones,,0,0.0
joe kerridge,,0,0.0
joe looney,,0,0.0
joe mixon,,0,0.0
joe powell,,0,0.0
joe schobert,,0,0.0
joe staley,,0,0.0
joe thomas,,0,0.0
joe thomas,,0,0.0
joe thuney,,0,0.0
joe vellano,,0,0.0
joe walker,,0,0.0
joe webb,,0,0.0
joe williams,,0,0.0
joel bitonio,,0,0.0
joel bouagnon,,0,0.0
joel heath,,0,0.0
joel stave,,0,0.0
joey bosa,,0,0.0
joey hunt,,0,0.0
joey ivie,,0,0.0
joey mbu,,0,0.0
john brown,,0,0.0
john denney,,0,0.0
john fullington,,0,0.0
john greco,,0,0.0
john hughes,,0,0.0
john jenkins,,0,0.0
john jerry,,0,0.0
john johnson,,0,0.0
john kling,,0,0.0
john kuhn,,0,0.0
john lotulelei,,0,0.0
john miller,,0,0.0
john phillips,,0,0.0
john robinson-woodgett,,0,0.0
john ross,,0,0.0
john simon,,0,0.0
john sullivan,,0,0.0
john theus,,0,0.0
john timu,,0,0.0
john urschel,,0,0.0
john wetzel,,0,0.0
johnathan calvin,,0,0.0
johnathan cyprien,,0,0.0
johnathan hankins,,0,0.0
johnathan joseph,,0,0.0
johnny hekker,,0,0.0
johnny holton,,0,0.0
johnny maxey,,0,0.0
johnny mundt,,0,0.0
johnny ragin,,0,0.0
johnson bademosi,,0,0.0
johnthan banks,,0,0.0
joique bell,,0,0.0
jojo natson,,0,0.0
jomal wiltz,,0,0.0
jon bostic,,0,0.0
jon brown,,0,0.0
jon condo,,0,0.0
jon dorenbos,,0,0.0
jon feliciano,,0,0.0
jon halapio,,0,0.0
jon ryan,,0,0.0
jon weeks,,0,0.0
jonah pirsig,,0,0.0
jonathan allen,,0,0.0
jonathan anderson,,0,0.0
jonathan babineaux,,0,0.0
jonathan bullard,,0,0.0
jonathan casillas,,0,0.0
jonathan cooper,,0,0.0
jonathan freeny,,0,0.0
jonathan grimes,,0,0.0
jonathan jones,,0,0.0
jonathan krause,,0,0.0
jonathan mclaughlin,,0,0.0
jonathan meeks,,0,0.0
jonathan moxey,,0,0.0
jonathan stewart,,0,0.0
jonathan williams,,0,0.0
jonathan woodard,,0,0.0
jonnu smith,,0,0.0
jonotthan harrison,,0,0.0
jordan berry,,0,0.0
jordan cameron,,0,0.0
jordan carrell,,0,0.0
jordan dangerfield,,0,0.0
jordan devey,,0,0.0
jordan evans,,0,0.0
jordan gay,,0,0.0
jordan hicks,,0,0.0
jordan hill,,0,0.0
jordan howard,,0,0.0
jordan jenkins,,0,0.0
jordan johnson,,0,0.0
jordan leggett,,0,0.0
jordan leslie,,0,0.0
jordan lucas,,0,0.0
jordan matthews,,0,0.0
jordan mills,,0,0.0
jordan moore,,0,0.0
jordan morgan,,0,0.0
jordan mudge,,0,0.0
jordan norwood,,0,0.0
jordan payton,,0,0.0
jordan phillips,,0,0.0
jordan poyer,,0,0.0
jordan reed,,0,0.0
jordan richards,,0,0.0
jordan roos,,0,0.0
jordan simmons,,0,0.0
jordan simone,,0,0.0
jordan sterns,,0,0.0
jordan taylor,,0,0.0
jordan todman,,0,0.0
jordan tripp,,0,0.0
jordan williams,,0,0.0
jordan williams,,0,0.0
jordan willis,,0,0.0
jordy nelson,,0,0.0
joseph cheek,,0,0.0
josh allen,,0,0.0
josh andrews,,0,0.0
josh augusta,,0,0.0
josh banderas,,0,0.0
josh banks,,0,0.0
josh bellamy,,0,0.0
josh boyce,,0,0.0
josh boyd,,0,0.0
josh bynes,,0,0.0
josh carraway,,0,0.0
josh doctson,,0,0.0
josh evans,,0,0.0
josh ferguson,,0,0.0
josh forrest,,0,0.0
josh gordon,,0,0.0
josh harris,,0,0.0
josh harvey-clemons,,0,0.0
josh hawkins,,0,0.0
josh hill,,0,0.0
josh huff,,0,0.0
josh james,,0,0.0
josh johnson,,0,0.0
josh johnson,,0,0.0
josh jones,,0,0.0
josh keyes,,0,0.0
josh kline,,0,0.0
josh lambo,,0,0.0
josh leribeus,,0,0.0
josh letuligasenoa,,0,0.0
josh magee,,0,0.0
josh malone,,0,0.0
josh martin,,0,0.0
josh mauga,,0,0.0
josh mauro,,0,0.0
josh mccown,,0,0.0
josh mcnary,,0,0.0
josh norman,,0,0.0
josh perkins,,0,0.0
josh reynolds,,0,0.0
josh robinson,,0,0.0
josh shaw,,0,0.0
josh sitton,,0,0.0
josh thomas,,0,0.0
josh thornton,,0,0.0
josh tupou,,0,0.0
josh walker,,0,0.0
josh wells,,0,0.0
joshua dobbs,,0,0.0
joshua garnett,,0,0.0
joshua holsey,,0,0.0
joshua perry,,0,0.0
josiah price,,0,0.0
josue matias,,0,0.0
jourdan lewis,,0,0.0
jude adjei-barimah,,0,0.0
juju smith-schuster,,0,0.0
julian edelman,,0,0.0
julian howsare,,0,0.0
julian stanford,,0,0.0
julie'n davenport,,0,0.0
julio jones,,0,0.0
julius peppers,,0,0.0
julius thomas,,0,0.0
julius warmsley,,0,0.0
jumal rolle,,0,0.0
junior galette,,0,0.0
jurrell casey,,0,0.0
justin bethel,,0,0.0
justin blackmon,,0,0.0
justin britt,,0,0.0
justin coleman,,0,0.0
justin currie,,0,0.0
justin davis,,0,0.0
justin drescher,,0,0.0
justin durant,,0,0.0
justin ellis,,0,0.0
justin evans,,0,0.0
justin forsett,,0,0.0
justin hamilton,,0,0.0
justin hardee,,0,0.0
justin hardy,,0,0.0
justin horton,,0,0.0
justin houston,,0,0.0
justin hunter,,0,0.0
justin march-lillard,,0,0.0
justin mccray,,0,0.0
justin murray,,0,0.0
justin pugh,,0,0.0
justin senior,,0,0.0
justin simmons,,0,0.0
justin staples,,0,0.0
justin thomas,,0,0.0
justin trattou,,0,0.0
justin tucker,,0,0.0
justin vogel,,0,0.0
justin zimmer,,0,0.0
juston burris,,0,0.0
juwan thompson,,0,0.0
jylan ware,,0,0.0
k.j. brent,,0,0.0
k.j. dillon,,0,0.0
k.j. wright,,0,0.0
kache palacio,,0,0.0
ka'deem carey,,0,0.0
kadeem edwards,,0,0.0
kaelin clay,,0,0.0
kai forbath,,0,0.0
kai nacua,,0,0.0
ka'imi fairbairn,,0,0.0
kalan reed,,0,0.0
kaleb eulls,,0,0.0
kaleb johnson,,0,0.0
kalif phillips,,0,0.0
kalif raymond,,0,0.0
kam chancellor,,0,0.0
kamalei correa,,0,0.0
kamar aiken,,0,0.0
kameron canaday,,0,0.0
kamu grugier-hill,,0,0.0
kapri bibbs,,0,0.0
kapron lewis-moore,,0,0.0
kareem hunt,,0,0.0
kareem jackson,,0,0.0
kareem martin,,0,0.0
karel hamilton,,0,0.0
karl joseph,,0,0.0
karl klug,,0,0.0
karlos dansby,,0,0.0
karter schult,,0,0.0
kasen williams,,0,0.0
kasey redfern,,0,0.0
kasim edebali,,0,0.0
kavon frazier,,0,0.0
kawann short,,0,0.0
kayvon webster,,0,0.0
kd cannon,,0,0.0
keanu neal,,0,0.0
keavon milton,,0,0.0
kedric golston,,0,0.0
keelan cole,,0,0.0
keenan allen,,0,0.0
keenan gilchrist,,0,0.0
keenan reynolds,,0,0.0
keenan robinson,,0,0.0
keeon johnson,,0,0.0
keion adams,,0,0.0
keith kelsey,,0,0.0
keith marshall,,0,0.0
keith mcgill,,0,0.0
keith reaser,,0,0.0
keith smith,,0,0.0
keith tandy,,0,0.0
keith towbridge,,0,0.0
keivarae russell,,0,0.0
kelcie mccray,,0,0.0
kelechi osemele,,0,0.0
kellen clemens,,0,0.0
kellen davis,,0,0.0
kellen moore,,0,0.0
kelvin beachum,,0,0.0
kelvin benjamin,,0,0.0
kelvin sheppard,,0,0.0
kemal ishmael,,0,0.0
ken crawley,,0,0.0
ken ekanem,,0,0.0
kendal thompson,,0,0.0
kendall fuller,,0,0.0
kendall lamm,,0,0.0
kendall langford,,0,0.0
kendall reyes,,0,0.0
kendall wright,,0,0.0
kendell beckwith,,0,0.0
kendrick bourne,,0,0.0
kendrick lewis,,0,0.0
kenjon barner,,0,0.0
kenneth acker,,0,0.0
kenneth dixon,,0,0.0
kenneth durden,,0,0.0
kenneth farrow,,0,0.0
kenneth olugbode,,0,0.0
kenneth walker,,0,0.0
kenny allen,,0,0.0
kenny bell,,0,0.0
kenny britt,,0,0.0
kenny clark,,0,0.0
kenny golladay,,0,0.0
kenny lawler,,0,0.0
kenny moore,,0,0.0
kenny stills,,0,0.0
kenny vaccaro,,0,0.0
kenny wiggins,,0,0.0
kent perkins,,0,0.0
kentrell brice,,0,0.0
kentrell brothers,,0,0.0
kenyan drake,,0,0.0
keon hatcher,,0,0.0
kerry hyder,,0,0.0
kerry wynn,,0,0.0
kerwynn williams,,0,0.0
keshawn martin,,0,0.0
kevin bowen,,0,0.0
kevin byard,,0,0.0
kevin davis,,0,0.0
kevin dodd,,0,0.0
kevin graf,,0,0.0
kevin hogan,,0,0.0
kevin huber,,0,0.0
kevin johnson,,0,0.0
kevin king,,0,0.0
kevin maurice,,0,0.0
kevin mcdermott,,0,0.0
kevin minter,,0,0.0
kevin norwood,,0,0.0
kevin pamphile,,0,0.0
kevin peterson,,0,0.0
kevin pierre-louis,,0,0.0
kevin snead,,0,0.0
kevin snyder,,0,0.0
kevin white,,0,0.0
kevin zeitler,,0,0.0
kevon seymour,,0,0.0
kevonn mabon,,0,0.0
keyarris garrett,,0,0.0
khaled holmes,,0,0.0
khalfani muhammad,,0,0.0
khalid abdullah,,0,0.0
khalif barnes,,0,0.0
khalil mack,,0,0.0
khari lee,,0,0.0
khiry robinson,,0,0.0
khyri thornton,,0,0.0
kiko alonso,,0,0.0
king dunlap,,0,0.0
kirk cousins,,0,0.0
knile davis,,0,0.0
koa misi,,0,0.0
kofi amichia,,0,0.0
kony ealy,,0,0.0
korey toomer,,0,0.0
korren kirven,,0,0.0
kourtnei brown,,0,0.0
kraig urbik,,0,0.0
krishawn hogan,,0,0.0
kristjan sokoli,,0,0.0
kurt coleman,,0,0.0
kurtis drummond,,0,0.0
k'waun williams,,0,0.0
kwon alexander,,0,0.0
kyle arrington,,0,0.0
kyle carter,,0,0.0
kyle coleman,,0,0.0
kyle emanuel,,0,0.0
kyle friend,,0,0.0
kyle fuller,,0,0.0
kyle fuller,,0,0.0
kyle juszczyk,,0,0.0
kyle kalis,,0,0.0
kyle long,,0,0.0
kyle love,,0,0.0
kyle murphy,,0,0.0
kyle nelson,,0,0.0
kyle peko,,0,0.0
kyle rudolph,,0,0.0
kyle sloter,,0,0.0
kyle van noy,,0,0.0
kyle wilber,,0,0.0
kyle williams,,0,0.0
kyle wilson,,0,0.0
kyler fackrell,,0,0.0
l.j. fort,,0,0.0
l.j. mccray,,0,0.0
l.p. ladouceur,,0,0.0
l.t. walton,,0,0.0
laadrian waddle,,0,0.0
lac edwards,,0,0.0
ladarius green,,0,0.0
ladarius gunter,,0,0.0
ladell fleming,,0,0.0
la'el collins,,0,0.0
lafayette pitts,,0,0.0
laken tomlinson,,0,0.0
lamar louis,,0,0.0
lamar miller,,0,0.0
lamarcus joyner,,0,0.0
lamarr houston,,0,0.0
lamin barrow,,0,0.0
lance dunbar,,0,0.0
lance kendricks,,0,0.0
landon collins,,0,0.0
landon lechler,,0,0.0
landon turner,,0,0.0
landry jones,,0,0.0
lane johnson,,0,0.0
lane taylor,,0,0.0
laquon treadwell,,0,0.0
lardarius webb,,0,0.0
laremy tunsil,,0,0.0
laroy reynolds,,0,0.0
larry clark,,0,0.0
larry donnell,,0,0.0
larry fitzgerald,,0,0.0
larry hope,,0,0.0
larry ogunjobi,,0,0.0
larry pinkard,,0,0.0
larry warford,,0,0.0
larry webster,,0,0.0
latavius murray,,0,0.0
latroy lewis,,0,0.0
laurence gibson,,0,0.0
laurent duvernay-tardif,,0,0.0
lavar edwards,,0,0.0
lavon hooks,,0,0.0
lavonte david,,0,0.0
lawrence guy,,0,0.0
lawrence okoye,,0,0.0
lawrence thomas,,0,0.0
lawrence timmons,,0,0.0
lee hightower,,0,0.0
lee smith,,0,0.0
legarrette blount,,0,0.0
leger douzable,,0,0.0
lenard tillery,,0,0.0
lenny jones,,0,0.0
lenzy pipkins,,0,0.0
leo koloamatangi,,0,0.0
leodis mckelvin,,0,0.0
leon hall,,0,0.0
leon iii mcquay,,0,0.0
leon mcfadden,,0,0.0
leonard floyd,,0,0.0
leonard fournette,,0,0.0
leonard johnson,,0,0.0
leonard wester,,0,0.0
leonard williams,,0,0.0
leonte carroo,,0,0.0
le'raven clark,,0,0.0
lerentee mccray,,0,0.0
lesean mccoy,,0,0.0
leshaun sims,,0,0.0
leshun daniels,,0,0.0
letroy guion,,0,0.0
le'veon bell,,0,0.0
levern jacobs,,0,0.0
levine toilolo,,0,0.0
lewis neal,,0,0.0
linval joseph,,0,0.0
logan paulsen,,0,0.0
logan ryan,,0,0.0
logan thomas,,0,0.0
lonnie ballentine,,0,0.0
lorenzo alexander,,0,0.0
lorenzo doss,,0,0.0
lorenzo jerome,,0,0.0
lorenzo mauldin,,0,0.0
lorenzo taliaferro,,0,0.0
louis trinca-pasat,,0,0.0
lucas crowley,,0,0.0
lucas patrick,,0,0.0
lucas wacha,,0,0.0
lucky whitehead,,0,0.0
luke bowanko,,0,0.0
luke joeckel,,0,0.0
luke kuechly,,0,0.0
luke mccown,,0,0.0
luke rhodes,,0,0.0
luke stocker,,0,0.0
luke willson,,0,0.0
lynden trail,,0,0.0
m.j. mcfarland,,0,0.0
mack brown,,0,0.0
mack hollins,,0,0.0
mackensie alexander,,0,0.0
malachi dupre,,0,0.0
malcolm brown,,0,0.0
malcolm butler,,0,0.0
malcolm jenkins,,0,0.0
malcolm johnson,,0,0.0
malcolm lewis,,0,0.0
malcolm mitchell,,0,0.0
malcolm smith,,0,0.0
malcom brown,,0,0.0
maliek collins,,0,0.0
malik golden,,0,0.0
malik hooker,,0,0.0
malik jackson,,0,0.0
malik mcdowell,,0,0.0
malik smith,,0,0.0
malliciah goodman,,0,0.0
manasseh garner,,0,0.0
manti te'o,,0,0.0
marc mariani,,0,0.0
marcedes lewis,,0,0.0
marcel reece,,0,0.0
marcelis branch,,0,0.0
marcell dareus,,0,0.0
marcus burley,,0,0.0
marcus cannon,,0,0.0
marcus cooper,,0,0.0
marcus cromartie,,0,0.0
marcus easley,,0,0.0
marcus gilbert,,0,0.0
marcus gilchrist,,0,0.0
marcus hardison,,0,0.0
marcus johnson,,0,0.0
marcus kemp,,0,0.0
marcus leak,,0,0.0
marcus lucas,,0,0.0
marcus mariota,,0,0.0
marcus martin,,0,0.0
marcus maye,,0,0.0
marcus mcwilson,,0,0.0
marcus murphy,,0,0.0
marcus peters,,0,0.0
marcus rios,,0,0.0
marcus roberson,,0,0.0
marcus rush,,0,0.0
marcus sayles,,0,0.0
marcus sherels,,0,0.0
marcus smith,,0,0.0
marcus tucker,,0,0.0
marcus williams,,0,0.0
marcus williams,,0,0.0
margus hunt,,0,0.0
mario addison,,0,0.0
mario alford,,0,0.0
mario edwards,,0,0.0
mario williams,,0,0.0
mark barron,,0,0.0
mark glowinski,,0,0.0
mark herzlich,,0,0.0
mark ingram,,0,0.0
mark nzeocha,,0,0.0
mark sanchez,,0,0.0
mark spelman,,0,0.0
markus golden,,0,0.0
markus wheaton,,0,0.0
marlon brown,,0,0.0
marlon humphrey,,0,0.0
marlon mack,,0,0.0
marqise lee,,0,0.0
marquavius lewis,,0,0.0
marqueis gray,,0,0.0
marquel lee,,0,0.0
marquess wilson,,0,0.0
marqueston huff,,0,0.0
marquette king,,0,0.0
marquez north,,0,0.0
marquez white,,0,0.0
marquez williams,,0,0.0
marqui christian,,0,0.0
marquis bundy,,0,0.0
marquis flowers,,0,0.0
marquise goodwin,,0,0.0
marshal yanda,,0,0.0
marshall koehn,,0,0.0
marshall newhouse,,0,0.0
marshawn lynch,,0,0.0
marshon lattimore,,0,0.0
martavis bryant,,0,0.0
martellus bennett,,0,0.0
martrell spaight,,0,0.0
marvin hall,,0,0.0
marvin jones,,0,0.0
marwin evans,,0,0.0
mason crosby,,0,0.0
mason foster,,0,0.0
mason schreck,,0,0.0
matt asiata,,0,0.0
matt barkley,,0,0.0
matt bosher,,0,0.0
matt breida,,0,0.0
matt bryant,,0,0.0
matt cassel,,0,0.0
matt darr,,0,0.0
matt dayes,,0,0.0
matt elam,,0,0.0
matt feiler,,0,0.0
matt forte,,0,0.0
matt galambos,,0,0.0
matt godin,,0,0.0
matt haack,,0,0.0
matt hazel,,0,0.0
matt jones,,0,0.0
matt judon,,0,0.0
matt kalil,,0,0.0
matt lacosse,,0,0.0
matt lengel,,0,0.0
matt longacre,,0,0.0
matt mccants,,0,0.0
matt mcgloin,,0,0.0
matt milano,,0,0.0
matt moore,,0,0.0
matt overton,,0,0.0
matt paradis,,0,0.0
matt prater,,0,0.0
matt rotheram,,0,0.0
matt ryan,,0,0.0
matt schaub,,0,0.0
matt simms,,0,0.0
matt skura,,0,0.0
matt slauson,,0,0.0
matt tobin,,0,0.0
matt wile,,0,0.0
matthew ioannidis,,0,0.0
matthew mulligan,,0,0.0
matthew slater,,0,0.0
matthew stafford,,0,0.0
matthias farley,,0,0.0
maurice alexander,,0,0.0
maurice canady,,0,0.0
maurice fleming,,0,0.0
maurice harris,,0,0.0
maurice smith,,0,0.0
maurice swain,,0,0.0
maurkice pouncey,,0,0.0
maurquice shakir,,0,0.0
max garcia,,0,0.0
max mccaffrey,,0,0.0
max rich,,0,0.0
max tuerk,,0,0.0
max unger,,0,0.0
max valles,,0,0.0
maxx williams,,0,0.0
mehdi abdesmad,,0,0.0
mekale mckay,,0,0.0
melvin gordon,,0,0.0
melvin ingram,,0,0.0
menelik watson,,0,0.0
micah hyde,,0,0.0
michael bennett,,0,0.0
michael bennett,,0,0.0
michael bowie,,0,0.0
michael brockers,,0,0.0
michael burton,,0,0.0
michael campanaro,,0,0.0
michael clark,,0,0.0
michael crabtree,,0,0.0
michael davis,,0,0.0
michael floyd,,0,0.0
michael griffin,,0,0.0
michael harris,,0,0.0
michael hoomanawanui,,0,0.0
michael hunter,,0,0.0
michael johnson,,0,0.0
michael jordan,,0,0.0
michael liedtke,,0,0.0
michael mauti,,0,0.0
michael oher,,0,0.0
michael ola,,0,0.0
michael palardy,,0,0.0
michael pierce,,0,0.0
michael rector,,0,0.0
michael roberts,,0,0.0
michael schofield,,0,0.0
michael thomas,,0,0.0
michael thomas,,0,0.0
michael tyson,,0,0.0
michael wilhoite,,0,0.0
michael williams,,0,0.0
mike adams,,0,0.0
mike adams,,0,0.0
mike bercovici,,0,0.0
mike catapano,,0,0.0
mike daniels,,0,0.0
mike davis,,0,0.0
mike evans,,0,0.0
mike gillislee,,0,0.0
mike glennon,,0,0.0
mike hilton,,0,0.0
mike hull,,0,0.0
mike iupati,,0,0.0
mike james,,0,0.0
mike jenkins,,0,0.0
mike matthews,,0,0.0
mike meyer,,0,0.0
mike mitchell,,0,0.0
mike morgan,,0,0.0
mike pennel,,0,0.0
mike person,,0,0.0
mike pouncey,,0,0.0
mike purcell,,0,0.0
mike remmers,,0,0.0
mike thomas,,0,0.0
mike tolbert,,0,0.0
mike wallace,,0,0.0
mike williams,,0,0.0
mike windt,,0,0.0
miles killebrew,,0,0.0
mitch morse,,0,0.0
mitch unrein,,0,0.0
mitchell kirsch,,0,0.0
mitchell loewen,,0,0.0
mitchell paige,,0,0.0
mitchell schwartz,,0,0.0
mitchell trubisky,,0,0.0
mitchell white,,0,0.0
mo alie-cox,,0,0.0
mohamed sanu,,0,0.0
montae nicholson,,0,0.0
montay crockett,,0,0.0
montori hughes,,0,0.0
montravius adams,,0,0.0
monty madaris,,0,0.0
morgan burnett,,0,0.0
morgan cox,,0,0.0
morgan fox,,0,0.0
morgan moses,,0,0.0
moritz boehringer,,0,0.0
morris claiborne,,0,0.0
mose frazier,,0,0.0
muhammad wilkerson,,0,0.0
mychal kendricks,,0,0.0
mychal rivera,,0,0.0
mycole pruitt,,0,0.0
mykkele thompson,,0,0.0
myles garrett,,0,0.0
myles jack,,0,0.0
myles white,,0,0.0
najee goode,,0,0.0
najee harris,,0,0.0
najee murray,,0,0.0
nat berhe,,0,0.0
nate allen,,0,0.0
nate ebner,,0,0.0
nate gerry,,0,0.0
nate hairston,,0,0.0
nate orchard,,0,0.0
nate palmer,,0,0.0
nate solder,,0,0.0
nate stupar,,0,0.0
nate sudfeld,,0,0.0
nate theaker,,0,0.0
nathan peterman,,0,0.0
navorro bowman,,0,0.0
nazair jones,,0,0.0
ndamukong suh,,0,0.0
neal sterling,,0,0.0
neiko thorpe,,0,0.0
neiron ball,,0,0.0
nelson adams,,0,0.0
nelson agholor,,0,0.0
nelson spruce,,0,0.0
neville hewitt,,0,0.0
nevin lawson,,0,0.0
nicholas grigsby,,0,0.0
nicholas morrow,,0,0.0
nick becton,,0,0.0
nick bellore,,0,0.0
nick boyle,,0,0.0
nick dzubnar,,0,0.0
nick easton,,0,0.0
nick fairley,,0,0.0
nick foles,,0,0.0
nick folk,,0,0.0
nick james,,0,0.0
nick kwiatkoski,,0,0.0
nick mangold,,0,0.0
nick martin,,0,0.0
nick mullens,,0,0.0
nick novak,,0,0.0
nick o'leary,,0,0.0
nick perry,,0,0.0
nick rose,,0,0.0
nick sundberg,,0,0.0
nick truesdell,,0,0.0
nick usher,,0,0.0
nick vannett,,0,0.0
nick vigil,,0,0.0
nick williams,,0,0.0
nick williams,,0,0.0
nickell robey-coleman,,0,0.0
nico marley,,0,0.0
nico siragusa,,0,0.0
nigel bradham,,0,0.0
nigel harris,,0,0.0
nigel tribune,,0,0.0
nigel williams,,0,0.0
nila kasitati,,0,0.0
nile lawrence-stample,,0,0.0
niles paul,,0,0.0
noah brown,,0,0.0
noah spence,,0,0.0
noble nwachukwu,,0,0.0
noel thomas,,0,0.0
nolan carroll,,0,0.0
nolan frese,,0,0.0
norman price,,0,0.0
o.j. howard,,0,0.0
obi melifonwu,,0,0.0
obum gwacham,,0,0.0
oday aboushi,,0,0.0
odell beckham,,0,0.0
olivier vernon,,0,0.0
olsen pierre,,0,0.0
omarius bryant,,0,0.0
ondre pipkins,,0,0.0
oni omoile,,0,0.0
orion stewart,,0,0.0
orlando franklin,,0,0.0
orlando scandrick,,0,0.0
orleans darkwa,,0,0.0
orson charles,,0,0.0
otha foster,,0,0.0
otha peters,,0,0.0
owa odighizuwa,,0,0.0
p.j. davis,,0,0.0
p.j. dawson,,0,0.0
p.j. williams,,0,0.0
pace murphy,,0,0.0
parker collins,,0,0.0
parker ehinger,,0,0.0
pasoni tasini,,0,0.0
pat elflein,,0,0.0
pat o'connor,,0,0.0
pat o'donnell,,0,0.0
pat sims,,0,0.0
patrick chung,,0,0.0
patrick dimarco,,0,0.0
patrick gamble,,0,0.0
patrick lewis,,0,0.0
patrick mahomes,Diego Zampini,1,8.0
patrick omameh,,0,0.0
patrick onwuasor,,0,0.0
patrick peterson,,0,0.0
patrick ricard,,0,0.0
patrick robinson,,0,0.0
patrick scales,,0,0.0
paul boyette,,0,0.0
paul kruger,,0,0.0
paul magloire,,0,0.0
paul mcroberts,,0,0.0
paul perkins,,0,0.0
paul posluszny,,0,0.0
paul richardson,,0,0.0
paul soliai,,0,0.0
paul turner,,0,0.0
paul worrilow,,0,0.0
paxton lynch,,0,0.0
percy harvin,,0,0.0
pernell mcphee,,0,0.0
perrish cox,,0,0.0
perry riley,,0,0.0
pete robertson,,0,0.0
peyton barber,,0,0.0
peyton thompson,,0,0.0
pharaoh brown,,0,0.0
pharoh cooper,,0,0.0
phazahn odom,,0,0.0
phil dawson,,0,0.0
philip rivers,,0,0.0
philip wheeler,,0,0.0
phillip dorsett,,0,0.0
phillip gaines,,0,0.0
phillip supernaw,,0,0.0
phillip taylor,,0,0.0
phillip walker,,0,0.0
pierre desir,,0,0.0
pierre garcon,,0,0.0
pita taumoepenu,,0,0.0
praise martin-oguike,,0,0.0
preston brown,,0,0.0
preston smith,,0,0.0
prince amukamara,,0,0.0
prince charles iworah,,0,0.0
quan bray,,0,0.0
quandre diggs,,0,0.0
quayvon hicks,,0,0.0
quentin gause,,0,0.0
quincy adeboyejo,,0,0.0
quincy enunwa,,0,0.0
quincy mauger,,0,0.0
quincy wilson,,0,0.0
quinten rollins,,0,0.0
quintin demps,,0,0.0
quinton dial,,0,0.0
quinton dunbar,,0,0.0
quinton jefferson,,0,0.0
quinton patton,,0,0.0
quinton spain,,0,0.0
r.j. shelton,,0,0.0
raekwon mcmillan,,0,0.0
rafael bush,,0,0.0
raheem mostert,,0,0.0
rahim moore,,0,0.0
rakeem nunez-roches,,0,0.0
ramik wilson,,0,0.0
ramon foster,,0,0.0
ramon humber,,0,0.0
randall cobb,,0,0.0
randall evans,,0,0.0
randall goforth,,0,0.0
randall telfer,,0,0.0
randell johnson,,0,0.0
randy allen,,0,0.0
randy bullock,,0,0.0
randy gregory,,0,0.0
rannell hall,,0,0.0
rashaad coward,,0,0.0
rashaad reynolds,,0,0.0
rashaan melvin,,0,0.0
rashad greene,,0,0.0
rashad jennings,,0,0.0
rashad johnson,,0,0.0
rashad lawrence,,0,0.0
rashad ross,,0,0.0
rashard higgins,,0,0.0
rashard robinson,,0,0.0
rashaun allen,,0,0.0
rashawn scott,,0,0.0
ra'shede hageman,,0,0.0
rashod hill,,0,0.0
rasul douglas,,0,0.0
ray-ray armstrong,,0,0.0
raysean pringle,,0,0.0
rayshawn jenkins,,0,0.0
rees odhiambo,,0,0.0
reggie bush,,0,0.0
reggie davis,,0,0.0
reggie gilbert,,0,0.0
reggie nelson,,0,0.0
reggie northrup,,0,0.0
reggie porter,,0,0.0
reggie ragland,,0,0.0
reid ferguson,,0,0.0
reid fragel,,0,0.0
reshad jones,,0,0.0
reshard cliett,,0,0.0
reuben foster,,0,0.0
rex burkhead,,0,0.0
rey maualuga,,0,0.0
rhett ellison,,0,0.0
ricardo allen,,0,0.0
ricardo louis,,0,0.0
ricardo mathews,,0,0.0
richard ash,,0,0.0
richard levy,,0,0.0
richard rodgers,,0,0.0
richard sherman,,0,0.0
richie brown,,0,0.0
richie incognito,,0,0.0
richie leone,,0,0.0
rick lovato,,0,0.0
rickey hatley,,0,0.0
rickey jefferson,,0,0.0
ricky ali'ifua,,0,0.0
ricky jean francois,,0,0.0
ricky ortiz,,0,0.0
ricky seals-jones,,0,0.0
ricky wagner,,0,0.0
rico gathers,,0,0.0
rigoberto sanchez,,0,0.0
riley bullough,,0,0.0
riley dixon,,0,0.0
riley mccarron,,0,0.0
riley reiff,,0,0.0
rishard matthews,,0,0.0
rob gronkowski,,0,0.0
rob havenstein,,0,0.0
rob housler,,0,0.0
rob kelley,,0,0.0
rob ninkovich,,0,0.0
robbie gould,,0,0.0
robby anderson,,0,0.0
robenson therezie,,0,0.0
robert alford,,0,0.0
robert ayers,,0,0.0
robert blanton,,0,0.0
robert davis,,0,0.0
robert golden,,0,0.0
robert griffin iii,,0,0.0
robert leff,,0,0.0
robert mathis,,0,0.0
robert mcclain,,0,0.0
robert myers,,0,0.0
robert nelson,,0,0.0
robert nkemdiche,,0,0.0
robert quinn,,0,0.0
robert thomas,,0,0.0
robert tonyan,,0,0.0
robert turbin,,0,0.0
robert woods,,0,0.0
roberto aguayo,,0,0.0
robertson daniel,,0,0.0
rod smith,,0,0.0
rod streater,,0,0.0
roderick johnson,,0,0.0
rodger saffold,,0,0.0
rodney adams,,0,0.0
rodney gunter,,0,0.0
rodney hudson,,0,0.0
rodney mcleod,,0,0.0
rodney smith,,0,0.0
roger lewis,,0,0.0
rolan milligan,,0,0.0
rolando mcclain,,0,0.0
roman harper,,0,0.0
romar morris,,0,0.0
romeo okwara,,0,0.0
ron brooks,,0,0.0
ron parker,,0,0.0
ronald blair,,0,0.0
ronald darby,,0,0.0
ronald leary,,0,0.0
ronald martin,,0,0.0
ronald patrick,,0,0.0
ronald powell,,0,0.0
ronald zamort,,0,0.0
ronnie hillman,,0,0.0
ronnie stanley,,0,0.0
rontez miles,,0,0.0
roosevelt nix-jones,,0,0.0
ross burbank,,0,0.0
ross cockrell,,0,0.0
ross martin,,0,0.0
ross travis,,0,0.0
roubbens joseph,,0,0.0
roy miller,,0,0.0
roy philon,,0,0.0
roy robertson-harris,,0,0.0
ruben carter,,0,0.0
rudy ford,,0,0.0
rueben randle,,0,0.0
rushel shell,,0,0.0
russell bodine,,0,0.0
russell hansbrough,,0,0.0
russell okung,,0,0.0
russell shepard,,0,0.0
russell wilson,,0,0.0
ryan allen,,0,0.0
ryan anderson,,0,0.0
ryan brown,,0,0.0
ryan carrethers,,0,0.0
ryan clady,,0,0.0
ryan davis,,0,0.0
ryan delaire,,0,0.0
ryan fitzpatrick,,0,0.0
ryan glasgow,,0,0.0
ryan grant,,0,0.0
ryan griffin,,0,0.0
ryan griffin,,0,0.0
ryan groy,,0,0.0
ryan hewitt,,0,0.0
ryan jensen,,0,0.0
ryan kalil,,0,0.0
ryan kelly,,0,0.0
ryan kerrigan,,0,0.0
ryan lewis,,0,0.0
ryan malleck,,0,0.0
ryan mallett,,0,0.0
ryan mathews,,0,0.0
ryan murphy,,0,0.0
ryan nassib,,0,0.0
ryan o'malley,,0,0.0
ryan quigley,,0,0.0
ryan ramczyk,,0,0.0
ryan russell,,0,0.0
ryan schraeder,,0,0.0
ryan shazier,,0,0.0
ryan smith,,0,0.0
ryan spadola,,0,0.0
ryan succop,,0,0.0
ryan switzer,,0,0.0
ryan tannehill,,0,0.0
ryan wendell,,0,0.0
sae tautu,,0,0.0
sam acho,,0,0.0
sam barrington,,0,0.0
sam bradford,,0,0.0
sam cotton,,0,0.0
sam irwin-hill,,0,0.0
sam koch,,0,0.0
sam martin,,0,0.0
sam mccaskill,,0,0.0
sam rogers,,0,0.0
sam shields,,0,0.0
sam tevi,,0,0.0
sam young,,0,0.0
samaje perine,,0,0.0
sammie coates,,0,0.0
sammy seamster,,0,0.0
sammy watkins,,0,0.0
samson ebukam,,0,0.0
scooby wright,,0,0.0
scott crichton,,0,0.0
scott orndoff,,0,0.0
scott simonson,,0,0.0
scott tolzien,,0,0.0
sealver siliga,,0,0.0
sean culkin,,0,0.0
sean davis,,0,0.0
sean harlow,,0,0.0
sean lee,,0,0.0
sean lissemore,,0,0.0
sean mannion,,0,0.0
sean mcgrath,,0,0.0
sean porter,,0,0.0
sean smith,,0,0.0
sean spence,,0,0.0
sean weatherspoon,,0,0.0
seantavius jones,,0,0.0
seantrel henderson,,0,0.0
sebastian janikowski,,0,0.0
sebastian tretola,,0,0.0
sebastian vollmer,,0,0.0
sefo liufau,,0,0.0
sen'derrick marks,,0,0.0
senio kelemete,,0,0.0
senorise perry,,0,0.0
senquez golson,,0,0.0
sergio brown,,0,0.0
seth devalve,,0,0.0
seth roberts,,0,0.0
shaan washington,,0,0.0
shakeel rashad,,0,0.0
shakeir ryan,,0,0.0
shakiel randolph,,0,0.0
shakir soto,,0,0.0
shalom luani,,0,0.0
shamar stephen,,0,0.0
shamarko thomas,,0,0.0
shamiel gary,,0,0.0
shane lechler,,0,0.0
shane ray,,0,0.0
shane smith,,0,0.0
shane vereen,,0,0.0
shane wynn,,0,0.0
shaneil jenkins,,0,0.0
shaq green-thompson,,0,0.0
shaq hill,,0,0.0
shaq lawson,,0,0.0
shaq mason,,0,0.0
shaquil barrett,,0,0.0
shaquill griffin,,0,0.0
shareece wright,,0,0.0
sharrif floyd,,0,0.0
sharrod neasman,,0,0.0
shaun draughn,,0,0.0
shaun hill,,0,0.0
shawn lauvao,,0,0.0
shawn williams,,0,0.0
shea mcclellin,,0,0.0
shelby harris,,0,0.0
sheldon day,,0,0.0
sheldon price,,0,0.0
sheldon rankins,,0,0.0
sheldon richardson,,0,0.0
shelton gibson,,0,0.0
sherrick mcmanis,,0,0.0
shilique calhoun,,0,0.0
shiloh keo,,0,0.0
shon coleman,,0,0.0
sidney jones,,0,0.0
sio moore,,0,0.0
sojourn shelton,,0,0.0
solomon thomas,,0,0.0
spencer drango,,0,0.0
spencer long,,0,0.0
spencer paysinger,,0,0.0
spencer pulley,,0,0.0
spencer ware,,0,0.0
stacy coley,,0,0.0
stacy mcgee,,0,0.0
stanley jean-baptiste,,0,0.0
stanley williams,,0,0.0
stansly maponga,,0,0.0
star lotulelei,,0,0.0
stefan charles,,0,0.0
stefen wisniewski,,0,0.0
stefon diggs,,0,0.0
stepfan taylor,,0,0.0
stephane nembot,,0,0.0
stephen anderson,,0,0.0
stephen gostkowski,,0,0.0
stephen morris,,0,0.0
stephen paea,,0,0.0
stephen tulloch,,0,0.0
stephen weatherly,,0,0.0
stephon gilmore,,0,0.0
stephon tuitt,,0,0.0
stephone anthony,,0,0.0
sterling bailey,,0,0.0
sterling moore,,0,0.0
sterling shepard,,0,0.0
steve johnson,,0,0.0
steve longa,,0,0.0
steve mclendon,,0,0.0
steve smith,,0,0.0
steven hauschka,,0,0.0
steven johnson,,0,0.0
steven means,,0,0.0
steven moore,,0,0.0
steven nelson,,0,0.0
steven scheu,,0,0.0
steven wroblewski,,0,0.0
stevie tu'ikolovatu,,0,0.0
storm johnson,,0,0.0
storm norton,,0,0.0
su'a cravens,,0,0.0
sylvester williams,,0,0.0
t.j. barnes,,0,0.0
t.j. carrie,,0,0.0
t.j. clemmings,,0,0.0
t.j. daniel,,0,0.0
t.j. green,,0,0.0
t.j. johnson,,0,0.0
t.j. jones,,0,0.0
t.j. jones,,0,0.0
t.j. lang,,0,0.0
t.j. logan,,0,0.0
t.j. mcdonald,,0,0.0
t.j. ward,,0,0.0
t.j. watt,,0,0.0
t.j. yates,,0,0.0
t.j. yeldon,,0,0.0
t.y. hilton,,0,0.0
t.y. mcgill,,0,0.0
taco charlton,,0,0.0
tahir whitehead,,0,0.0
taiwan jones,,0,0.0
tajae sharpe,,0,0.0
takkarist mckinley,,0,0.0
tamba hali,,0,0.0
tani tupou,,0,0.0
tank carder,,0,0.0
tank carradine,,0,0.0
tanner gentry,,0,0.0
tanner mcevoy,,0,0.0
tanner purdum,,0,0.0
tanner vallejo,,0,0.0
tanoh kpassagnon,,0,0.0
tanzel smart,,0,0.0
taquan mizzell,,0,0.0
tarell basham,,0,0.0
tarik cohen,,0,0.0
tashaun gipson,,0,0.0
tashawn bower,,0,0.0
taurean nixon,,0,0.0
tavaris barnes,,0,0.0
tavarres king,,0,0.0
taveze calhoun,,0,0.0
tavon austin,,0,0.0
tavon wilson,,0,0.0
tavon young,,0,0.0
taylor boggs,,0,0.0
taylor decker,,0,0.0
taylor gabriel,,0,0.0
taylor hart,,0,0.0
taylor heinicke,,0,0.0
taylor lewan,,0,0.0
taylor mcnamara,,0,0.0
taylor moton,,0,0.0
taylor reynolds,,0,0.0
taylor symmank,,0,0.0
taysom hill,,0,0.0
taywan taylor,,0,0.0
ted ginn,,0,0.0
ted karras,,0,0.0
ted larsen,,0,0.0
teddy bridgewater,,0,0.0
teddy williams,,0,0.0
tedric thompson,,0,0.0
teez tabor,,0,0.0
teidrick smith,,0,0.0
telvin smith,,0,0.0
temarrick hemingway,,0,0.0
tenny palepoi,,0,0.0
terence garvin,,0,0.0
terence newman,,0,0.0
terrance mitchell,,0,0.0
terrance smith,,0,0.0
terrance west,,0,0.0
terrance williams,,0,0.0
terrell mcclain,,0,0.0
terrell newby,,0,0.0
terrell sinkfield,,0,0.0
terrell suggs,,0,0.0
terrell watson,,0,0.0
terrelle pryor,,0,0.0
terrence brooks,,0,0.0
terrence fede,,0,0.0
terrence magee,,0,0.0
terrish webb,,0,0.0
terron armstead,,0,0.0
terron ward,,0,0.0
terry poole,,0,0.0
tevaun smith,,0,0.0
tevin coleman,,0,0.0
tevin homer,,0,0.0
tevin jones,,0,0.0
tevin mitchel,,0,0.0
tevin westbrook,,0,0.0
thad lewis,,0,0.0
tharold simon,,0,0.0
theo riddick,,0,0.0
thomas davis,,0,0.0
thomas duarte,,0,0.0
thomas evans,,0,0.0
thomas gafford,,0,0.0
thomas hennessy,,0,0.0
thomas morstead,,0,0.0
thomas rawls,,0,0.0
thomas sperbeck,,0,0.0
thurston armbrister,,0,0.0
tim barnes,,0,0.0
tim cook,,0,0.0
tim hightower,,0,0.0
tim lelito,,0,0.0
tim patrick,,0,0.0
tim semisch,,0,0.0
tim white,,0,0.0
tim williams,,0,0.0
timmy jernigan,,0,0.0
timothy wright,,0,0.0
tion green,,0,0.0
titus davis,,0,0.0
toby baker,,0,0.0
toby johnson,,0,0.0
todd davis,,0,0.0
todd gurley,,0,0.0
tom brady,,0,0.0
tom compton,,0,0.0
tom johnson,,0,0.0
tom savage,,0,0.0
tommy armstrong,,0,0.0
tommy bohanon,,0,0.0
tommylee lewis,,0,0.0
tony bergstrom,,0,0.0
tony hills,,0,0.0
tony jefferson,,0,0.0
tony jerod-eddie,,0,0.0
tony lippett,,0,0.0
tony mcdaniel,,0,0.0
tony mcrae,,0,0.0
tony stevens,,0,0.0
tony washington,,0,0.0
torrey smith,,0,0.0
torry mctyer,,0,0.0
tourek williams,,0,0.0
tra carson,,0,0.0
tracy howard,,0,0.0
tracy porter,,0,0.0
trae elston,,0,0.0
trae waynes,,0,0.0
trai turner,,0,0.0
tramaine brock,,0,0.0
tramon williams,,0,0.0
travaris cadet,,0,0.0
travell dixon,,0,0.0
travin dural,,0,0.0
travis averill,,0,0.0
travis benjamin,,0,0.0
travis frederick,,0,0.0
travis kelce,,0,0.0
travis rudolph,,0,0.0
travis swanson,,0,0.0
travis wilson,,0,0.0
tre boston,,0,0.0
tre madden,,0,0.0
tre mcbride,,0,0.0
tre roberson,,0,0.0
tre sullivan,,0,0.0
tre'davious white,,0,0.0
trent brown,,0,0.0
trent cole,,0,0.0
trent murphy,,0,0.0
trent taylor,,0,0.0
trent williams,,0,0.0
tress way,,0,0.0
treston decoud,,0,0.0
trevin wade,,0,0.0
trevon coley,,0,0.0
trevon hartfield,,0,0.0
tre'von johnson,,0,0.0
trevone boykin,,0,0.0
trevor bates,,0,0.0
trevor davis,,0,0.0
trevor knight,,0,0.0
trevor reilly,,0,0.0
trevor robinson,,0,0.0
trevor siemian,,0,0.0
trevor williams,,0,0.0
trey burton,,0,0.0
trey caldwell,,0,0.0
trey edmunds,,0,0.0
trey flowers,,0,0.0
trey griffey,,0,0.0
trey hendrickson,,0,0.0
trey hopkins,,0,0.0
trey robinson,,0,0.0
trey williams,,0,0.0
treyvon hester,,0,0.0
trovon reed,,0,0.0
troy hill,,0,0.0
troy niklas,,0,0.0
trumaine johnson,,0,0.0
tueni lupeamanu,,0,0.0
ty montgomery,,0,0.0
ty nsekhe,,0,0.0
ty sambrailo,,0,0.0
tye smith,,0,0.0
tyeler davison,,0,0.0
tyler boyd,,0,0.0
tyler bray,,0,0.0
tyler catalina,,0,0.0
tyler eifert,,0,0.0
tyler ervin,,0,0.0
tyler ferguson,,0,0.0
tyler higbee,,0,0.0
tyler kroft,,0,0.0
tyler larsen,,0,0.0
tyler lockett,,0,0.0
tyler marz,,0,0.0
tyler matakevich,,0,0.0
tyler mccloskey,,0,0.0
tyler orlosky,,0,0.0
tyler ott,,0,0.0
tyler patmon,,0,0.0
tyler renew,,0,0.0
tyler shatley,,0,0.0
tylor harris,,0,0.0
tyrann mathieu,,0,0.0
tyreek burwell,,0,0.0
tyreek hill,,0,0.0
tyrell adams,,0,0.0
tyrell williams,,0,0.0
tyrique jarrett,,0,0.0
tyrod taylor,,0,0.0
tyron smith,,0,0.0
tyrone crawford,,0,0.0
tyrone holmes,,0,0.0
tyrone swoopes,,0,0.0
tyrunn walker,,0,0.0
tyrus thompson,,0,0.0
tyson alualu,,0,0.0
tyson graham,,0,0.0
tyson jackson,,0,0.0
tyus bowser,,0,0.0
tyvis powell,,0,0.0
tyvon branch,,0,0.0
ufomba kamalu,,0,0.0
ukeme eligwe,,0,0.0
ulrick john,,0,0.0
uzoma nwachukwu,,0,0.0
vadal alexander,,0,0.0
valentino blake,,0,0.0
vance mcdonald,,0,0.0
vance walker,,0,0.0
vernon butler,,0,0.0
vernon davis,,0,0.0
vernon hargreaves,,0,0.0
vic beasley,,0,0.0
victor bolden,,0,0.0
victor cruz,,0,0.0
victor salako,,0,0.0
vince biegel,,0,0.0
vince mayle,,0,0.0
vince wilfork,,0,0.0
vince williams,,0,0.0
vincent jackson,,0,0.0
vincent rey,,0,0.0
vincent taylor,,0,0.0
vincent valentine,,0,0.0
vinnie sunseri,,0,0.0
vinny curry,,0,0.0
vinston painter,,0,0.0
virgil green,,0,0.0
vladimir ducasse,,0,0.0
von miller,,0,0.0
vonn bell,,0,0.0
vontae davis,,0,0.0
vontarrius dora,,0,0.0
vontaze burfict,,0,0.0
wallace gilberry,,0,0.0
walt aikens,,0,0.0
walt powell,,0,0.0
wayne gallman,,0,0.0
wendall williams,,0,0.0
wendell smallwood,,0,0.0
wes horton,,0,0.0
wes lunt,,0,0.0
wes saxton,,0,0.0
wes schweitzer,,0,0.0
wesley johnson,,0,0.0
wesley woodyard,,0,0.0
weston richburg,,0,0.0
whitney mercilus,,0,0.0
wil freeman,,0,0.0
wil lutz,,0,0.0
will beatty,,0,0.0
will blackmon,,0,0.0
will clarke,,0,0.0
will compton,,0,0.0
will davis,,0,0.0
will fuller,,0,0.0
will holden,,0,0.0
will johnson,,0,0.0
will monday,,0,0.0
will parks,,0,0.0
will pericak,,0,0.0
will redmond,,0,0.0
will sutton,,0,0.0
will tukuafu,,0,0.0
will tye,,0,0.0
william gay,,0,0.0
william gholston,,0,0.0
william hayes,,0,0.0
william jackson,,0,0.0
william likely,,0,0.0
william poehls,,0,0.0
william stanback,,0,0.0
willie beavers,,0,0.0
willie henry,,0,0.0
willie snead,,0,0.0
willie young,,0,0.0
winston chapman,,0,0.0
winston craig,,0,0.0
woodrow hamilton,,0,0.0
woody baron,,0,0.0
wyatt houston,,0,0.0
xavien howard,,0,0.0
xavier coleman,,0,0.0
xavier cooper,,0,0.0
xavier grimble,,0,0.0
xavier rhodes,,0,0.0
xavier su'a-filo,,0,0.0
xavier williams,,0,0.0
xavier woods,,0,0.0
xavier woodson-luster,,0,0.0
yannick ngakoue,,0,0.0
younghoe koo,,0,0.0
zac dysert,,0,0.0
zac kerin,,0,0.0
zach banner,,0,0.0
zach brown,,0,0.0
zach conque,,0,0.0
zach cunningham,,0,0.0
zach ertz,,0,0.0
zach franklin,,0,0.0
zach fulton,,0,0.0
zach kerr,,0,0.0
zach laskey,,0,0.0
zach line,,0,0.0
zach miller,,0,0.0
zach moore,,0,0.0
zach pascal,,0,0.0
zach sterup,,0,0.0
zach strief,,0,0.0
zach vigil,,0,0.0
zach voytek,,0,0.0
zach wood,,0,0.0
zach zenner,,0,0.0
zack martin,,0,0.0
zack sanchez,,0,0.0
za'darius smith,,0,0.0
zaire anderson,,0,0.0
zak deossie,,0,0.0
zane beadles,,0,0.0
zane gonzalez,,0,0.0
zaviar gooden,,0,0.0
zay jones,,0,0.0
zeek bigger,,0,0.0
ziggy hood,,0,0.0
